pattern	area	count
static_ok	engine	199
static_ok	tools_ui_editor	0
static_ok	tests_common	28
static_ok	tests_ui_editor	1
static_ok	apps_pvp	1
static_err	engine	489
static_err	tools_ui_editor	0
static_err	tests_common	9
static_err	tests_ui_editor	0
static_err	apps_pvp	0
base_err	engine	0
base_err	tools_ui_editor	0
base_err	tests_common	0
base_err	tests_ui_editor	0
base_err	apps_pvp	0
result_ok_call	engine	1
result_ok_call	tools_ui_editor	0
result_ok_call	tests_common	0
result_ok_call	tests_ui_editor	0
result_ok_call	apps_pvp	0
io_result_void	engine	120
io_result_void	tools_ui_editor	0
io_result_void	tests_common	0
io_result_void	tests_ui_editor	0
io_result_void	apps_pvp	0
error_code_none	engine	6
error_code_none	tools_ui_editor	0
error_code_none	tests_common	0
error_code_none	tests_ui_editor	0
error_code_none	apps_pvp	0
error_code_value_init	engine	0
error_code_value_init	tools_ui_editor	0
error_code_value_init	tests_common	0
error_code_value_init	tests_ui_editor	0
error_code_value_init	apps_pvp	0
error_getters	engine	0
error_getters	tools_ui_editor	0
error_getters	tests_common	0
error_getters	tests_ui_editor	0
error_getters	apps_pvp	0
alias_asset_error	engine	17
alias_asset_error	tools_ui_editor	0
alias_asset_error	tests_common	0
alias_asset_error	tests_ui_editor	0
alias_asset_error	apps_pvp	0
alias_io_error	engine	15
alias_io_error	tools_ui_editor	0
alias_io_error	tests_common	0
alias_io_error	tests_ui_editor	0
alias_io_error	apps_pvp	0
alias_io_result	engine	11
alias_io_result	tools_ui_editor	0
alias_io_result	tests_common	0
alias_io_result	tests_ui_editor	0
alias_io_result	apps_pvp	0
string_error_type	engine	21
string_error_type	tools_ui_editor	0
string_error_type	tests_common	0
string_error_type	tests_ui_editor	0
string_error_type	apps_pvp	1
throw_logic	engine	17
throw_logic	tools_ui_editor	0
throw_logic	tests_common	0
throw_logic	tests_ui_editor	0
throw_logic	apps_pvp	66
throws_test	engine	0
throws_test	tools_ui_editor	0
throws_test	tests_common	17
throws_test	tests_ui_editor	0
throws_test	apps_pvp	9
cassert	engine	2
cassert	tools_ui_editor	2
cassert	tests_common	0
cassert	tests_ui_editor	0
cassert	apps_pvp	0
string_error_out_param	engine	0
string_error_out_param	tools_ui_editor	23
string_error_out_param	tests_common	0
string_error_out_param	tests_ui_editor	0
string_error_out_param	apps_pvp	126
gyo_assert	engine	0
gyo_assert	tools_ui_editor	0
gyo_assert	tests_common	0
gyo_assert	tests_ui_editor	0
gyo_assert	apps_pvp	0
