file	line	kind	category	batch	source	snippet	rationale
engine/asset/include/engine/asset/AssetManager.hpp	89	result_struct	Q2_optional	R3	inventory	const AssetError* GetError(const AssetHandle& h) const;	Absence (no error for this generation) is a plain optional. Return std::optional<AssetError> by value so the pointer cannot dangle after a reload overwrites record->error.
engine/asset/include/engine/asset/core/AssetRecord.hpp	44	result_struct	Q1_result	R3	inventory	AssetError failedError{};	"A default-constructed Error stands for ""no failure"" (code None). Make it std::optional<AssetError>. Its value comes from loader failures on external asset files (AssetManager.cpp:207)."
engine/asset/include/engine/asset/core/AssetRecord.hpp	50	result_struct	Q1_result	R3	inventory	AssetError error{}; // ErrorFor: error.ok() ? nullptr : &error	"Uses Error::ok()/None as ""absent"" (lines 76, 113, 125). Make it std::optional<AssetError>. KeepOldIfAny (AssetManager.cpp:209-212) sets this on a still-Ready record, and that semantic must stay unchanged and be pinned by the R0 characterization test."
engine/asset/include/engine/asset/hot_reload/AssetWatcher.hpp	59	lost_reason	internal_boundary_ok	none	inventory	static bool ProbeFile(const string& path, bool& existsOut, uint64_t& writeNsOut)	Drops the std::error_code from fs::exists/last_write_time (AssetWatcher.cpp:168-184). The caller (cpp:79-84) deliberately treats a probe failure as a transient retry, so the reason is not consumed. Optional: return std::optional<Probe> in a later cleanup.
engine/asset/src/AssetCatalog.cpp	97	conversion	Q1_result	R3	inventory	if (!rp) Err(AssetError::Make(AssetErrorCode::InvalidPath, rp.error().message, r.id))	Same module (Asset), but the resolver's own code (e.g. PathEscapesRoot) is overwritten by a hard-coded InvalidPath. The plan's AssetCatalog code fix is to propagate rp.error().code.
engine/asset/src/AssetManager.cpp	33	result_misuse	Q0_assert	R3	adversarial		非零 priority／keepAliveFramesOverride 屬於 API 誤用（保留欄位），回傳 UnsupportedRequest，由 AssetManagerTests.cpp:447,457,468 鎖住。需要明確決定：視為 wide contract 保留 Result，或改成 Assert 並同時修改測試 | user decision 2026-10-04: API misuse becomes GYO_ASSERT (SdlGpu excepted).
engine/asset/src/ContentManifest.cpp	86	catch	internal_boundary_ok	none	inventory	"catch (const nlohmann::json::exception& error) { Err(Invalid(sourceName, ""JSON: ""+what)) }"	Public ContentManifest::Parse boundary for external content.json. The coded AssetError is kept.
engine/asset/src/LoaderRegistry.cpp	12	result_misuse	Q0_assert	R3	adversarial		Register 的三個失敗分支都是程式錯誤：null loader（:12，InternalError）、AssetType 0（:20，UnsupportedType）、同 type 重複註冊（:26，InternalError）。目前用 Result 回傳，Task B 完全沒列。tests/common 有 5 處直接丟棄它的回傳值 | user decision 2026-10-04: API misuse becomes GYO_ASSERT (SdlGpu excepted).
engine/asset/src/catalog/CatalogParser.cpp	14	catch	internal_boundary_ok	none	inventory	"catch (...) { Err(AssetError::Make(ParseFailed, ""CatalogParser: JSON parse failed"", sourceName)) }"	Boundary conversion of a parse error on external catalog JSON, which is the first validation point. catch(...) drops e.what(), so the parser position is lost. Optionally put it in detail; no code is lost.
engine/asset/src/catalog/CatalogParser.cpp	14	catch_all	internal_boundary_ok	R1	adversarial		`catch (...)` 會吞掉測試用 ScopedAssertionHandler 丟出的 AssertionFailure（它刻意不繼承 std::exception），使 GYO_ASSERT 在測試中被轉成 ParseFailed。範圍內唯一的 catch(...)，R1 應改成 catch(const std::exception&) 或在文件中註明
engine/asset/src/loaders/TextureLoader.cpp	31	lost_reason	internal_boundary_ok	none	inventory	static bool ReadInt(const char*& p, const char* end, int& out)	A private PPM tokenizer. Its callers (lines 69, 119) produce a coded DecodeFailed with the path.
engine/collision/include/engine/collision/Collision.hpp	41	throw	Q0_assert	R1	inventory	// Invalid/non-finite inputs throw invalid_argument.	"This public doc comment states the exception contract and must be rewritten to say ""precondition (GYO_ASSERT)"" when the 15 throws are converted."
engine/collision/src/CapsuleQueries.cpp	20	throw	Q0_assert	R1	inventory	"Validate(VerticalCapsule): throw std::invalid_argument(""collision capsule must be finite..."")"	The capsule comes from the caller's simulation state, not from parsed data. Any content data should be validated at its own loader, so a bad capsule here is a caller bug.
engine/collision/src/CapsuleQueries.cpp	27	throw	Q0_assert	R1	inventory	"Validate(Math::Capsule): throw invalid_argument(""...endpoints must be finite and radius positive"")"	This is a precondition on caller-built geometry with no external input at this layer, so it becomes a GYO_ASSERT in the non-noexcept Validate helper.
engine/collision/src/CapsuleQueries.cpp	34	throw	Q0_assert	R1	inventory	"Validate(Aabb): throw invalid_argument(""collision AABB must be finite with ordered bounds"")"	The AABB comes from the app's world or level state. Level and content loaders are the first validation point, so a bad AABB here is a bug.
engine/collision/src/CapsuleQueries.cpp	39	throw	Q0_assert	R1	inventory	"ValidateSweep: throw invalid_argument(""collision sweep endpoints/radius must be finite..."")"	Sweep endpoints come from the caller's per-tick movement, so a non-finite value is an upstream simulation bug.
engine/collision/src/CapsuleQueries.cpp	226	throw	Q0_assert	R1	inventory	"RaycastCapsule(Capsule): throw invalid_argument(""collision ray needs a non-zero direction..."")"	The ray direction and distance come from caller code, not external data, so this is an API-misuse precondition.
engine/collision/src/CapsuleQueries.cpp	278	throw	Q0_assert	R1	inventory	"SweepVerticalCapsuleAgainstAabb: throw invalid_argument(""collision displacement must be finite"")"	The displacement is computed by app movement code, so a non-finite value is a bug.
engine/collision/src/CapsuleQueries.cpp	303	throw	Q0_assert	R1	inventory	"SweepVerticalCapsuleAgainstCapsule: throw invalid_argument(""collision displacement must be finite"")"	Same precondition as line 278: the displacement is caller-computed.
engine/collision/src/Collision.cpp	22	throw	Q0_assert	R1	inventory	"ValidateQuery: throw invalid_argument(""collision query vectors must be finite"")"	The query origin and direction are produced by app code, with no external-data boundary here.
engine/collision/src/Collision.cpp	25	throw	Q0_assert	R1	inventory	"ValidateQuery: throw invalid_argument(""collision query distance must be finite and non-negative"")"	The query distance is a caller argument, so this is a precondition.
engine/collision/src/Collision.cpp	28	throw	Q0_assert	R1	inventory	"ValidateQuery: throw invalid_argument(""collision query sweep radius must be finite..."")"	The sweep radius is a caller argument, so this is a precondition.
engine/collision/src/Collision.cpp	32	throw	Q0_assert	R1	inventory	"ValidateQuery: throw invalid_argument(""collision query direction must be non-zero"")"	The query direction is a caller argument, so this is a precondition.
engine/collision/src/Collision.cpp	39	throw	Q0_assert	R1	inventory	"ValidateCapsule(VerticalCapsule): throw invalid_argument(""collision capsule must be finite..."")"	The capsule is caller state, and content-sourced capsules are validated at load (see the R1 note about the pvp uncompiled files).
engine/collision/src/Collision.cpp	180	throw	Q0_assert	R1	inventory	"RaycastAabb: throw invalid_argument(""collision AABB must be finite with ordered bounds"")"	The bounds are caller world state, so this is a precondition.
engine/collision/src/Collision.cpp	200	throw	Q0_assert	R1	inventory	"SweepSphereAgainstCapsule: throw invalid_argument(""collision sweep endpoints/radius must be finite..."")"	The endpoints are caller movement values, so this is a precondition.
engine/collision/src/Collision.cpp	206	throw	Q0_assert	R1	inventory	"SweepSphereAgainstCapsule: throw invalid_argument(""collision sweep length must be finite"")"	A finite-but-overflowing delta from caller inputs is still a caller bug.
engine/io/include/engine/io/fs/MountTable.hpp	165	cleanup	internal_boundary_ok	R2	adversarial		namespace 結尾註解寫成 `Engine::IO::VFS`，與 Result.hpp:72 是同類錯誤。計劃只提到 Result.hpp
engine/math/include/engine/math/scalar/Scalar.hpp	3	assert	Q0_assert	R1	inventory	#include <cassert>	Math::Clamp precondition; user decision 2026-10-04: always-on GYO_ASSERT, drop noexcept.
engine/math/include/engine/math/scalar/Scalar.hpp	40	assert	Q0_assert	R1	inventory	"assert(!(hi < lo) && ""Math::Clamp requires lo <= hi"");  // constexpr noexcept Clamp"	Math::Clamp precondition; user decision 2026-10-04: always-on GYO_ASSERT, drop noexcept.
engine/model/backend/ufbx/src/UfbxModelLoader.cpp	69	throw	internal_boundary_ok	none	inventory	"Import: throw runtime_error(""node hierarchy contains a repeated node"")"	Validates an external FBX file and is caught at the IAssetLoader::Load boundary (line 237), becoming a coded AssetError via Error(context,...).
engine/model/backend/ufbx/src/UfbxModelLoader.cpp	101	throw	internal_boundary_ok	none	inventory	"throw runtime_error(""only a single linear/rigid skin deformer is supported per mesh"")"	Unsupported external FBX content, converted at line 237.
engine/model/backend/ufbx/src/UfbxModelLoader.cpp	104	throw	internal_boundary_ok	none	inventory	"throw runtime_error(""dual-quaternion skinning is not supported"")"	Unsupported external FBX content, converted at line 237.
engine/model/backend/ufbx/src/UfbxModelLoader.cpp	108	throw	internal_boundary_ok	none	inventory	"if(!cluster->bone_node) throw runtime_error(""skin cluster has no joint node"")"	Malformed external FBX, converted at line 237.
engine/model/backend/ufbx/src/UfbxModelLoader.cpp	153	throw	internal_boundary_ok	none	inventory	"throw runtime_error(""invalid skin influence"")"	Malformed external FBX, converted at line 237.
engine/model/backend/ufbx/src/UfbxModelLoader.cpp	161	throw	internal_boundary_ok	none	inventory	"throw runtime_error(""mesh exceeds 32-bit index capacity"")"	An oversized external FBX, converted at line 237.
engine/model/backend/ufbx/src/UfbxModelLoader.cpp	190	throw	internal_boundary_ok	none	inventory	"if(!baked) throw runtime_error(""cannot bake ""+name+"": ""+ErrorMessage(error))"	A ufbx_bake_anim failure on external data (third-party ufbx_error to string), converted at line 237.
engine/model/backend/ufbx/src/UfbxModelLoader.cpp	204	throw	internal_boundary_ok	none	inventory	"throw runtime_error(""file contains no triangle meshes"")"	External FBX content, converted at line 237.
engine/model/backend/ufbx/src/UfbxModelLoader.cpp	206	conversion	Q1_result	R4	inventory	if(!valid) throw runtime_error(valid.error())	ValidateModel's string E is laundered through an exception into an AssetError. Once R4 gives Model a ModelError code, that code must be kept (code name in detail) rather than flattened by the line 237 catch.
engine/model/backend/ufbx/src/UfbxModelLoader.cpp	237	catch	internal_boundary_ok	none	inventory	catch(const std::exception& exception) { return Error(context, exception.what()); }	The public IAssetLoader::Load boundary for the internal Import throws (rule 5). It only becomes R4-relevant through line 206.
engine/model/include/model/Animation.hpp	25	result_struct	Q1_result	R4	inventory	Result<void, std::string> ValidateModel(const ModelAsset&)	The first validation point for imported (UfbxModelLoader:205) or hand-built models, so the string E becomes ModelError.
engine/model/include/model/Animation.hpp	29	result_struct	Q1_wide_contract	R4	inventory	Result<void, std::string> SamplePose(model, clipIndex, seconds, mode, Pose&)	Validates caller clip index, time and mode (Animation.cpp:139-152) on an already-validated model. The plan keeps it a Result with ModelError.
engine/model/include/model/Animation.hpp	32	result_struct	Q1_wide_contract	R4	inventory	Result<void, std::string> MakeDefaultPose(model, Pose&)	Re-checks the hierarchy and finiteness of model data (Animation.cpp:57-60), so it becomes ModelError.
engine/model/include/model/Animation.hpp	50	result_struct	Q1_result	R4	inventory	Result<AnimationClip, std::string> TransferCompatibleAnimation(...)	Validates two external models plus bindings (AnimationTransfer.cpp:50-149) and nests ValidateModel errors (lines 52/54). Becomes ModelError, and the nested code must be preserved.
engine/model/include/model/Animation.hpp	57	result_struct	Q1_wide_contract	R4	inventory	Result<void, std::string> BlendPoses(model, from, to, alpha, Pose&)	Checks caller alpha and pose completeness (Animation.cpp:165-170), so it becomes ModelError.
engine/model/include/model/Animation.hpp	79	result_struct	Q1_wide_contract	R4	inventory	AnimationInstance::Play(...) -> Result<void, std::string>	Checks caller arguments (Animation.cpp:198), so it becomes ModelError.
engine/model/include/model/Animation.hpp	81	result_struct	Q1_wide_contract	R4	inventory	AnimationInstance::Advance(double) -> Result<PlaybackInterval, std::string>	Checks the caller delta and that a clip is active (Animation.cpp:216-219), so it becomes ModelError.
engine/model/include/model/Animation.hpp	101	result_struct	Q1_wide_contract	R4	inventory	Result<void, std::string> SkinMesh(model, meshIndex, pose, vector<SkinnedVertex>&)	Checks caller indices and pose (Animation.cpp:247-272), so it becomes ModelError. ModelRenderer.cpp:102 forwards it across modules.
engine/model/src/Animation.cpp	27	codemod_hazard	Q1_result	R2	adversarial		"Animation.cpp（27 處）、AnimationTransfer.cpp（13 處）、ModelRenderer.cpp（10 處）的 `::Err(""…"")` 中，有 42 處只傳字串字面值。codemod 成 `Base::Err(""…"")` 後，CTAD 會推導出 Err<const char*>，因此 Result<T,std::string> 必須接受 Err<G>→E 的轉換，否則 R2 在 R4 之前就無法編譯"
engine/model/src/Animation.cpp	139	reclass	Q1_wide_contract	R4	adversarial		reclassified by adversarial check: pvp 以 Require()→throw runtime_error 使用這些 API（PlayerPresentation.cpp:36-37），等於呼叫端把失敗當成 bug。保留 Result 是計劃的決定，但 error-handling.md 應說明 Model API 屬於 wide contract 的理由
engine/model/src/AnimationTransfer.cpp	26	lost_reason	internal_boundary_ok	none	inventory	bool ResolveReferenceFrames(model, selected, frames)	"An anonymous-namespace helper whose single caller (line 96-98) supplies the specific message ""supports only finite positive uniform reference scales""."
engine/model/src/AnimationTransfer.cpp	52	conversion	Q1_result	R4	inventory	"Err(""Invalid animation source: ""+sourceValidation.error())"	Intra-module nesting of ValidateModel. Once ModelError is coded, propagate the code (Base::Err of the moved error, plus a prefix in detail) instead of re-wrapping it.
engine/model/src/AnimationTransfer.cpp	54	conversion	Q1_result	R4	inventory	"Err(""Invalid animation target: ""+targetValidation.error())"	Same as line 52, for the target model.
engine/render/backend/sdl_gpu/src/SdlGpuRenderDevice.cpp	140	reclass	Q1_wide_contract	none	adversarial		reclassified by adversarial check: WrongThread、InvalidHandle（331,337,348,354,719,797,830,899,939）、frame already acquired、consumed token 都是 API 狀態誤用，不屬於「資料驗證」。MeshUpdateSmoke.cpp:201 在 std::thread 裡斷言 WrongThread，若改成 Assert，這個 worker 會  | user decision 2026-10-04: SdlGpu state misuse stays Result (documented exception).
engine/render/model/include/model_renderer/ModelRenderer.hpp	32	result_struct	Q1_result	R4	inventory	static Result<shared_ptr<ModelResource>, std::string> Create(...)	Device upload failures and model validation, so the string E becomes ModelRendererError. The cpp:38/42/48 argument checks (null model, material count, non-finite tint) are a wide contract.
engine/render/model/include/model_renderer/ModelRenderer.hpp	50	result_struct	Q1_result	R4	inventory	static Result<unique_ptr<ModelInstance>, std::string> Create(...)	Mesh creation is a device failure, so this becomes ModelRendererError. The null resource and non-finite offset checks (cpp:93-94) are a wide contract.
engine/render/model/include/model_renderer/ModelRenderer.hpp	57	result_struct	Q1_result	R4	inventory	Result<void, std::string> UpdatePose(const Model::Pose&)	Covers SkinMesh failures from the caller pose and device UpdateMeshVertices failures, so this becomes ModelRendererError.
engine/render/model/include/model_renderer/ModelRenderer.hpp	58	result_struct	Q1_wide_contract	R4	inventory	Result<void, std::string> Submit(RenderQueue&, ...)	Checks for a non-finite tint (cpp:122) and forwards RenderQueue InvalidArgument (cpp:135). This is a data-validation API that keeps returning Result.
engine/render/model/src/ModelRenderer.cpp	38	reclass	Q0_assert	R4	adversarial		reclassified by adversarial check: null 指標是 API 誤用，不是資料驗證。material 數量和 tint 有限性可以視為資料驗證（pvp 的 tint 來自內容 JSON）
engine/render/model/src/ModelRenderer.cpp	40	conversion	Q1_result	R4	inventory	if (!valid) return CreateResult::Err(valid.error());	A Model to ModelRenderer string pass-through. Once ModelError is coded, it must become ModelRendererError carrying the Model code name in detail.
engine/render/model/src/ModelRenderer.cpp	54	conversion	Q1_result	R4	inventory	"Err(""Model texture upload failed: "" + created.error().message)"	Render to ModelRenderer conversion that drops the RenderErrorCode.
engine/render/model/src/ModelRenderer.cpp	102	conversion	Q1_result	R4	inventory	if (!skinned) return CreateResult::Err(skinned.error());	A Model SkinMesh to ModelRenderer string pass-through. The Model code must be kept after R4.
engine/render/model/src/ModelRenderer.cpp	104	conversion	Q1_result	R4	inventory	"Err(""Model mesh creation failed: "" + created.error().message)"	Render to ModelRenderer conversion that drops the RenderErrorCode.
engine/render/model/src/ModelRenderer.cpp	113	conversion	Q1_result	R4	adversarial		`if (!skinned) return skinned;` 是 Model→ModelRenderer 的跨模組原樣傳遞，Task B 只列了 :40 和 :102。R4 引入 ModelRendererError 之後，這裡必須明確轉換並保留 Model code
engine/render/model/src/ModelRenderer.cpp	115	conversion	Q1_result	R4	inventory	"Err(""Model mesh update failed: "" + updated.error().message)"	Render to ModelRenderer conversion that drops the RenderErrorCode.
engine/render/model/src/ModelRenderer.cpp	135	conversion	Q1_wide_contract	R4	inventory	"Err(""Model submission failed: "" + submitted.error().message)"	RenderQueue InvalidArgument becomes a string and the code is dropped.
engine/render/shaders/pipeline/src/main.cpp	31	throw	build_tool_exempt	none	inventory	[[noreturn]] void Fail(const std::string& message) { throw std::runtime_error(message); }	The gyo_shader_tool host build executable reports via exit code 1 from main's catch, has no library API, and its Sha256.hpp coupling is CI-cache-keyed. Exempt.
engine/render/shaders/pipeline/src/main.cpp	545	catch	build_tool_exempt	none	inventory	try { Build(invalid); } catch (const std::exception&) { rejected = true; }	A self-test in the build tool that expects invalid HLSL to be rejected.
engine/render/shaders/pipeline/src/main.cpp	605	catch	build_tool_exempt	none	inventory	main: catch (const std::exception& error) { cerr << ...; return 1; }	Process entry boundary of the build tool.
engine/render/src/ShaderLibrary.cpp	21	throw	internal_boundary_ok	none	inventory	"RequiredString: throw runtime_error(""empty ""+key)"	Validates the external shader bundle manifest, which is the first validation point. The throw is caught at the AppendBundle boundary (line 136) and becomes InvalidArgument.
engine/render/src/ShaderLibrary.cpp	28	throw	internal_boundary_ok	none	inventory	"UnsignedInteger: throw runtime_error(""shader metadata requires a 32-bit unsigned integer"")"	External bundle metadata, converted at line 136. Pinned by ShaderLibraryTests:97 (fractional/overflow/negative subcases).
engine/render/src/ShaderLibrary.cpp	36	throw	internal_boundary_ok	none	inventory	"RelativePath: throw runtime_error(""artifact path must be relative: ""+value)"	Path comes from the external bundle and is converted at line 136. Pinned by the ShaderLibraryTests:97 absolute-path subcases.
engine/render/src/ShaderLibrary.cpp	38	throw	internal_boundary_ok	none	inventory	"RelativePath: throw runtime_error(""artifact path escapes bundle: ""+value)"	External bundle path, converted at line 136. Pinned by ShaderLibraryTests:97 path escape.
engine/render/src/ShaderLibrary.cpp	45	throw	internal_boundary_ok	none	inventory	"ParseFormat: throw runtime_error(""unsupported artifact format: ""+value)"	External bundle format string, converted at line 136. Pinned by ShaderLibraryTests:97 unknown format.
engine/render/src/ShaderLibrary.cpp	50	conversion	Q1_result	R4	inventory	"if (!resolved) throw runtime_error(resolved.error().message + "": "" + path)"	AssetPathResolver's AssetError (InvalidPath/PathEscapesRoot) goes through an exception and is then re-coded RenderError::InvalidArgument at line 137, so the Asset code is lost. Under rule 4 the inner code name and message must go into the outer detail.
engine/render/src/ShaderLibrary.cpp	52	conversion	Q1_result	R4	inventory	"if (!bytes) throw runtime_error(bytes.error().message + "": "" + resolved.Str())"	IAssetSource::ReadAll's AssetError (SourceNotFound/IO) is flattened to InvalidArgument via line 137, losing the code. R4 must keep the asset code name in detail and pick a suitable outer RenderErrorCode.
engine/render/src/ShaderLibrary.cpp	53	throw	internal_boundary_ok	none	inventory	"Read: throw runtime_error(""empty artifact: ""+path)"	An empty artifact file is external data and is converted at line 136.
engine/render/src/ShaderLibrary.cpp	65	throw	internal_boundary_ok	none	inventory	"LoadStage: throw runtime_error(""uniform_sizes must be an array"")"	External bundle schema, converted at line 136.
engine/render/src/ShaderLibrary.cpp	77	throw	internal_boundary_ok	none	inventory	"LoadStage: throw runtime_error(""artifact resource layout does not match ""+iface)"	External artifact metadata, converted at line 136. Pinned by ShaderLibraryTests:97 uniform size/resource count/storage.
engine/render/src/ShaderLibrary.cpp	82	throw	internal_boundary_ok	none	inventory	"LoadStage: throw runtime_error(""artifact content hash mismatch: ""+file)"	Corrupt external artifact, converted at line 136. Pinned by ShaderLibraryTests:97 corrupt artifact.
engine/render/src/ShaderLibrary.cpp	106	throw	internal_boundary_ok	none	inventory	"AppendBundle: throw runtime_error(""invalid logical shader ID: ""+id)"	External bundle content, caught at line 136 in the same function.
engine/render/src/ShaderLibrary.cpp	108	throw	internal_boundary_ok	none	inventory	"AppendBundle: throw runtime_error(""duplicate logical shader ID: ""+id)"	External bundle content. Duplicates against already-loaded bundles are still a data error. Caught at line 136.
engine/render/src/ShaderLibrary.cpp	111	throw	internal_boundary_ok	none	inventory	"AppendBundle: throw runtime_error(""unsupported shader interface: ""+name)"	External bundle content, caught at line 136.
engine/render/src/ShaderLibrary.cpp	114	throw	internal_boundary_ok	none	inventory	"AppendBundle: throw runtime_error(""builtin shader interface mismatch: ""+id)"	External bundle content, caught at line 136.
engine/render/src/ShaderLibrary.cpp	117	throw	internal_boundary_ok	none	inventory	"AppendBundle: throw runtime_error(""shader has no artifact variants: ""+id)"	External bundle content, caught at line 136.
engine/render/src/ShaderLibrary.cpp	121	throw	internal_boundary_ok	none	inventory	"AppendBundle: throw runtime_error(""duplicate shader format: ""+id)"	External bundle content, caught at line 136.
engine/render/src/ShaderLibrary.cpp	136	catch	internal_boundary_ok	R4	inventory	catch (const std::exception& error) { Err(Invalid(error.what(), manifestPath)) }	Correct public boundary for internal throws and nlohmann .at() exceptions. R4 touches it because asset failures from lines 50/52 must bypass this flattening and keep their code.
engine/runtime/include/engine/runtime/FixedTickRuntime.hpp	40	throw	Q0_assert	R1	inventory	"FixedTickRuntime ctor: throw invalid_argument(""...finite positive tick rate and catch-up limit"")"	The tick rate and catch-up limit come from app TickSettings, which are code constants, and the ctor is not noexcept. A config-file-driven rate would be validated by that config loader.
engine/runtime/include/engine/runtime/FixedTickRuntime.hpp	48	throw	Q0_assert	R1	inventory	"Advance: throw invalid_argument(""FixedTickRuntime elapsed time must be finite and non-negative"")"	The elapsed time is the caller's clock delta. Advance is a header template, so the header must include Assert.hpp, which is reachable because engine links GYO::Base PUBLIC.
engine/ui/src/UiDocumentCodec.cpp	24	result_struct	internal_boundary_ok	none	inventory	struct ParseFailure final : std::exception { UiError error; }	An anonymous-namespace exception carrier for a coded UiError that never crosses the Parse boundary. R3 needs UiError to remain constructible from {code,message,source,path}.
engine/ui/src/UiDocumentCodec.cpp	35	throw	internal_boundary_ok	none	inventory	[[noreturn]] Fail(): throw ParseFailure{UiError{code,msg,source,path}}	Internal control flow while parsing external UI JSON. ParseFailure carries a full coded UiError and is caught at the public UiDocumentCodec::Parse boundary (line 949), which satisfies rule 5. R2 only touches the Err syntax.
engine/ui/src/UiDocumentCodec.cpp	161	catch	internal_boundary_ok	none	inventory	"ReadInteger: catch (const std::exception&) { Fail(ValidationFailed, ""integer is out of range"") }"	Converts a nlohmann out-of-range get<int64_t> on external JSON into a coded ValidationFailed carrying the json pointer.
engine/ui/src/UiDocumentCodec.cpp	878	throw	internal_boundary_ok	none	inventory	throw ParseFailure{std::move(decoded).error()}	Rethrows a coded UiError from DecodeSrgbHexColor (UI JSON colors), so the code is preserved and caught at Parse:949.
engine/ui/src/UiDocumentCodec.cpp	949	catch	internal_boundary_ok	none	inventory	catch (const ParseFailure& failure) { return Err(failure.error); }	This is the public boundary of UiDocumentCodec::Parse, where the internal throw becomes a Result and the code is kept.
engine/ui/src/UiDocumentCodec.cpp	951	catch	internal_boundary_ok	none	inventory	catch (const nlohmann::json::exception& error) { Err({InvalidJson, error.what(), source}) }	Converts the external JSON syntax/type exception to coded InvalidJson at the public boundary.
engine/ui/src/UiDocumentCodec.cpp	958	catch	internal_boundary_ok	none	inventory	catch (const std::exception& error) { Err({InvalidJson, error.what(), source}) }	Catch-all at the public boundary (rule 5). It also maps std::bad_alloc to InvalidJson, which is acceptable but worth noting in the doc.
engine/ui/src/UiRenderer.cpp	218	conversion	Q1_result	R4	inventory	"ResolveFont: Err(RendererError(ResourceFailure, ""failed to load UI font asset...""+loaded.error().message))"	The AssetManager::Load AssetErrorCode is dropped (only the message survives). Under rule 4 the outer UiErrorCode stays and the inner code name and message go into detail.
engine/ui/src/UiRenderer.cpp	247	conversion	Q1_result	R4	inventory	"ResolveImage: Err(RendererError(ResourceFailure, ""failed to load UI image asset...""+loaded.error().message))"	Asset to Ui conversion that drops the AssetErrorCode.
engine/ui/src/UiRenderer.cpp	273	conversion	Q1_result	R4	inventory	"ResolveImage: Err(RendererError(ResourceFailure, ""failed to upload UI image...""+uploaded.error().message))"	Render to Ui conversion that drops the RenderErrorCode from IRenderDevice::CreateTexture.
engine/ui/src/UiRenderer.cpp	306	conversion	Q1_result	R4	inventory	"ResolveText: Err(RendererError(ResourceFailure, ""failed to rasterize UI text: ""+rasterized.error().message))"	Text to Ui conversion that drops the TextErrorCode (e.g. InvalidArgument from SdlTtfTextRasterizer).
engine/ui/src/UiRenderer.cpp	325	conversion	Q1_result	R4	inventory	"ResolveText: Err(RendererError(ResourceFailure, ""failed to upload UI text: ""+uploaded.error().message))"	Render to Ui conversion that drops the RenderErrorCode.
engine/ui/src/UiRenderer.cpp	343	conversion	Q1_wide_contract	R4	inventory	"SubmitSprite: Err(RendererError(RenderSubmissionFailed, ""failed to submit UI sprite: ""+submitted.error().message))"	RenderQueue InvalidArgument (the wide contract that ClipSprite relies on, pinned by UiRendererTests:430) becomes Ui RenderSubmissionFailed and the Render code is dropped. Keep it in detail.
engine/ui/src/UiRenderer.cpp	359	result_misuse	Q0_assert	R4	adversarial		options.maximumCachedTextRuns == 0 由程式碼設定，屬於 Q0。同檔 :378（not initialized，由 UiRendererTests:264 鎖住）與 :404（point size 非有限）也未列入 Task B | user decision 2026-10-04: API misuse becomes GYO_ASSERT (SdlGpu excepted).
engine/ui/src/UiRuntime.cpp	237	implicit_throw	Q0_assert	R1	adversarial		`source.placeholders.at(name)` 在公開的 Compose／EvaluateLayout 路徑上會丟 std::out_of_range，沒有任何 catch。它依賴 Validate 保證 placeholder 存在，屬於下游重檢（Q0），但目前以例外形式存在，違反規則 5
engine/ui/src/UiRuntime.cpp	257	result_misuse	Q0_assert	R4	adversarial		"""unknown text source kind"" 是 switch 之後不可到達的分支，屬於 GYO_UNREACHABLE 的候選，目前以 RuntimeState Result 回傳 | user decision 2026-10-04: API misuse becomes GYO_ASSERT (SdlGpu excepted)."
engine/ui/src/UiRuntime.cpp	749	result_misuse	Q0_assert	R4	adversarial		"Initialize(nullptr document) 與 :773 ActivateCanvas 的 ""not initialized""、:680/:718 的 ""no active canvas""，都是狀態誤用卻以 RuntimeState 回傳。Task B 只列了 UiRenderer 和 Renderer 的 not-initialized，漏了 UiRuntime 的 10 處 RuntimeState（132,257,453,521,684,689,721,724,749,773） | user decision 2026-10-04: API misuse becomes GYO_ASSERT (SdlGpu excepted)."
engine/ui/src/UiSerialization.cpp	352	catch	internal_boundary_ok	none	inventory	Serialize: catch (const std::exception& error) { Err({InvalidJson, error.what()}) }	nlohmann dump(error_handler_t::strict) throws on invalid UTF-8 in in-memory UiDocument strings. This is converted at the public Serialize boundary.
tests/common/collision/CollisionTests.cpp	41	throw_test	test_only	R1	inventory	CHECK_THROWS_AS(RaycastCapsule({{},{}},1,valid), std::invalid_argument)	Pins the collision throw and becomes GYO_CHECK_ASSERTS.
tests/common/collision/CollisionTests.cpp	42	throw_test	test_only	R1	inventory	CHECK_THROWS_AS(SweepSphereAgainstCapsule({{},{}},-1,valid), invalid_argument)	Becomes GYO_CHECK_ASSERTS.
tests/common/collision/CollisionTests.cpp	44	throw_test	test_only	R1	inventory	CHECK_THROWS_AS(SweepSphereAgainstCapsule({{},{}},0,bad), invalid_argument)	Becomes GYO_CHECK_ASSERTS.
tests/common/collision/CollisionTests.cpp	46	throw_test	test_only	R1	inventory	CHECK_THROWS_AS(RaycastCapsule({{},{1,0,0}},1,tooShort), invalid_argument)	Becomes GYO_CHECK_ASSERTS.
tests/common/collision/CollisionTests.cpp	58	throw_test	test_only	R1	inventory	CHECK_THROWS_AS(RaycastAabb(..., {{1,0,0},{}}), invalid_argument)	Becomes GYO_CHECK_ASSERTS.
tests/common/collision/CollisionTests.cpp	242	throw_test	test_only	R1	inventory	CHECK_THROWS_AS(RaycastCapsule({{},{}},1,valid Capsule), invalid_argument)	Becomes GYO_CHECK_ASSERTS.
tests/common/collision/CollisionTests.cpp	243	throw_test	test_only	R1	inventory	CHECK_THROWS_AS(RaycastCapsule({{},{1,0,0}},-1,valid), invalid_argument)	Becomes GYO_CHECK_ASSERTS.
tests/common/collision/CollisionTests.cpp	244	throw_test	test_only	R1	inventory	CHECK_THROWS_AS(SweepSphereAgainstCapsule({{},{nan,0,0}},0,valid), invalid_argument)	Becomes GYO_CHECK_ASSERTS.
tests/common/collision/CollisionTests.cpp	245	throw_test	test_only	R1	inventory	CHECK_THROWS_AS(SweepSphereAgainstCapsule(..., Capsule{{},{},0}), invalid_argument)	Becomes GYO_CHECK_ASSERTS.
tests/common/collision/CollisionTests.cpp	248	throw_test	test_only	R1	inventory	CHECK_THROWS_AS(SweepVerticalCapsuleAgainstAabb(upright,{nan,0,0},box), invalid_argument)	Becomes GYO_CHECK_ASSERTS.
tests/common/collision/CollisionTests.cpp	249	throw_test	test_only	R1	inventory	CHECK_THROWS_AS(SweepVerticalCapsuleAgainstCapsule(upright,{},{{},0.1,0.25}), invalid_argument)	Becomes GYO_CHECK_ASSERTS.
tests/common/collision/CollisionTests.cpp	250	throw_test	test_only	R1	inventory	CHECK_THROWS_AS(OverlapVerticalCapsuleAabb(upright,{{1,0,0},{0,1,1}}), invalid_argument)	Becomes GYO_CHECK_ASSERTS.
tests/common/core/asset/AssetManagerTests.cpp	609	forced_test_edit	test_only	R3	adversarial		`CHECK(f.manager.GetError(first.value()) == nullptr)`：GetError 改成以值回傳 optional 之後，這行無法編譯，必須改成 CHECK_FALSE。新的 characterization 測試沒有問題（用 auto、REQUIRE、->），但既有測試這行必須改
tests/common/core/runtime/FixedTickRuntimeTests.cpp	41	throw_test	test_only	R1	inventory	CHECK_THROWS_AS(FixedTickRuntime(0), std::invalid_argument)	Pins the runtime ctor throw and becomes GYO_CHECK_ASSERTS.
tests/common/core/runtime/FixedTickRuntimeTests.cpp	42	throw_test	test_only	R1	inventory	CHECK_THROWS_AS(FixedTickRuntime(60, 0), invalid_argument)	Becomes GYO_CHECK_ASSERTS.
tests/common/core/runtime/FixedTickRuntimeTests.cpp	44	throw_test	test_only	R1	inventory	CHECK_THROWS_AS(runtime.Advance(-1, ...), invalid_argument)	Becomes GYO_CHECK_ASSERTS. The ScopedAssertionHandler throw must propagate out of the Advance template, which is not noexcept, so this is fine.
tests/common/core/runtime/FixedTickRuntimeTests.cpp	45	throw_test	test_only	R1	inventory	CHECK_THROWS_AS(runtime.Advance(+inf, ...), invalid_argument)	Becomes GYO_CHECK_ASSERTS.
tests/common/core/runtime/FixedTickRuntimeTests.cpp	46	throw_test	test_only	R1	inventory	CHECK_THROWS_AS(runtime.Advance(NaN, ...), invalid_argument)	Becomes GYO_CHECK_ASSERTS.
tests/common/model/UfbxModelTests.cpp	72	throw	test_only	none	inventory	if(!result) throw std::runtime_error(result.error().message);	A test fixture helper that turns a load failure into a doctest failure. It reads only the public .message field, so R3/R4 leave it untouched.
tests/common/model/UfbxModelTests.cpp	172	message_pin	test_only	R4	adversarial		":172-173 斷言 AssetError.message 含有 ValidateModel 的內層訊息（""Surface""、""non-finite base color""）。如果照規則 4 把內層 message 只放進外層 detail，這兩行會失敗，因此必須同時保留在外層 message"
tests/common/render/RendererTests.cpp	28	alias_forced_edit	test_only	R3	adversarial		以子 namespace 限定的別名寫法 `Asset::Loading::AssetError` 共 12 行：RendererTests.cpp:28-29、ShaderLibraryTests.cpp:23,26、SdlImageTextureLoader.hpp:18 與 .cpp:27,34,35,47,98、UfbxModelLoader.hpp:12 與 .cpp:36。別名收斂成只在 Engine::Asset 宣告後，這些都必須改寫。AssetError.hpp 目前沒有 include Error.hpp，也沒有別名
tests/common/render/ShaderLibraryTests.cpp	27	magic_code	test_only	R3	adversarial		`static_cast<Asset::AssetErrorCode>(1)` 依賴 CatalogNotFound 的數值。`= 1` 讓它保持有效，但 R3 應順手改成具名 enumerator
tests/common/runtime_sdl/main.cpp	29	conversion	Q1_result	R5	adversarial		第 4 份錯誤格式化 helper（`LogError`，以 SDL_LogError 輸出 message 和 detail，不含 code），位於完整統一範圍（tests/common）內，兩份盤點都漏了。應改用 Base::Describe
tools/ui_editor/include/gyo/ui_editor/AssetPreviewContext.hpp	33	out_param	Q1_result	R5	inventory	bool Initialize(SDL_Renderer&, std::string& error)	Environment failure from SdlTtfTextRasterizer::Create (TextError). Its code is dropped by Describe.
tools/ui_editor/include/gyo/ui_editor/AssetPreviewContext.hpp	35	out_param	Q0_assert	R5	inventory+adversarial	bool Initialize(SDL_Renderer&, unique_ptr<ITextRasterizer>, std::string& error)	"LoaderRegistry::Register failures map to Result. The guard at cpp:165 (""may be initialized only once"" / null rasterizer) is API misuse and becomes GYO_ASSERT. | reclassified by adversarial check: Initialize 在全新的 registry 上註冊兩個不同 type 的 loader（AssetPreviewContext.cpp:169-180）。LoaderRegistry::Register 只會因 null、type 0 或重複註冊而失敗（LoaderRegistry.cpp:12-29），全都是程式錯誤，沒有外部資料"
tools/ui_editor/include/gyo/ui_editor/AssetPreviewContext.hpp	37	out_param	Q0_assert	R5	inventory	bool Mount(const ReadOnlyAssetCatalog&, std::string& error)	Every failure (cpp:190-196: not initialized, frame active, catalog not mounted) is a caller precondition, because the catalog was already validated by ReadOnlyAssetCatalog. PreviewAssetTests.cpp:103 currently pins mid-frame Mount returning false. Converting it to GYO_ASSERT needs that test changed; the alternative is to keep it as a documented wide contract. R0 must decide.
tools/ui_editor/include/gyo/ui_editor/AssetPreviewContext.hpp	38	lost_reason	Q0_assert	R5	inventory	[[nodiscard]] bool Unmount() noexcept;  // false only if frameActive	The only failure is the frame-active precondition (cpp:208). EditorApp.cpp:590 calls it from ApplyPendingAssetChanges before BeginFrame, so it should not fail in practice. If it becomes GYO_ASSERT, noexcept must be removed (see noexcept_hazards).
tools/ui_editor/include/gyo/ui_editor/AssetPreviewContext.hpp	50	out_param	Q1_result	R5	inventory	SDL_Texture* Texture(string_view assetId, std::string& error)	Asset load and SDL upload failures are external, and the AssetError code is dropped by Describe. The only caller, PreviewAdapter.cpp:121, ignores the error and draws an UNRESOLVED placeholder, so returning a silent nullptr when not mounted (cpp:231) is Q2.
tools/ui_editor/include/gyo/ui_editor/AssetPreviewContext.hpp	55	out_param	Q1_result	R5	inventory	TextTextureView Text(fontId, utf8, pointSize, std::string& error)	Font load and rasterize failures are external (AssetError/TextError codes dropped). The caller PreviewAdapter.cpp:165 ignores the error and falls back to the ImGui font. The empty-text and unmounted early returns at cpp:275-279 are Q2.
tools/ui_editor/include/gyo/ui_editor/CommandLine.hpp	25	result_struct	Q1_result	R5	inventory	struct CommandLineResult { optional<CommandLineOptions> options; string error; }	argv is external user input, so this becomes Result<CommandLineOptions, CommandLineError>. Main.cpp:81-83 maps failure to exit code 2.
tools/ui_editor/include/gyo/ui_editor/DocumentSession.hpp	29	result_struct	Q1_result	R5	inventory	struct SessionResult { bool succeeded; string error; vector<Diagnostic> diagnostics; SaveFailure saveFailure{None}; }	Open/Save/Export failures (IO, invalid document, external modification) become Result<SessionReport, SessionError> with diagnostics on both arms. SaveFailure::None=0 (line 21) disappears in favour of SessionErrorCode starting at 1. Exit codes 3/4 come from Main.cpp:58, and EditorApp.cpp:2178-2183/2196-2202 branch on the code.
tools/ui_editor/include/gyo/ui_editor/DocumentSession.hpp	73	out_param	Q1_result	R5	inventory	bool HasExternalModification(std::string& error) const	A tri-state flattened into bool plus an out string. It should become Result<bool, FileError>. The no-observed-path false returns (cpp:157-166) are a plain no and stay false.
tools/ui_editor/include/gyo/ui_editor/EditorApp.hpp	21	out_param	Q1_result	R5	inventory	bool EditorApp::Initialize(std::string& error)	Aggregates MountCatalog and session_.Open failures from CLI-supplied paths (cpp:550-576), and also copies opened.diagnostics. It should become Result<void, an editor error> plus diagnostics.
tools/ui_editor/include/gyo/ui_editor/EditorApp.hpp	54	out_param	Q1_result	R5	inventory	bool MountCatalog(const path& catalogPath, const path& assetRoot, std::string& error)	A private wrapper over ReadOnlyAssetCatalog::Mount/MountRoot plus AssetPreviewContext::Mount. It inherits their classification.
tools/ui_editor/include/gyo/ui_editor/FileService.hpp	20	result_struct	Q1_result	R5	inventory	struct TextFileResult { optional<string> text; string error; }	A file read failure on a user path, so this becomes Result<std::string, FileError>.
tools/ui_editor/include/gyo/ui_editor/FileService.hpp	29	result_struct	Q1_result	R5	inventory	struct FileOperationResult { bool succeeded; string error; }	An atomic write failure (directory create/temp/write/rename), so this becomes Result<void, FileError>.
tools/ui_editor/include/gyo/ui_editor/FileService.hpp	41	out_param	Q1_result	R5	inventory	std::optional<FileStamp> ProbeFileStamp(const path&, std::string& error)	A filesystem probe on a user path, so it becomes Result<FileStamp, FileError>. Nonexistence is already a successful FileStamp{exists=false}.
tools/ui_editor/include/gyo/ui_editor/PreviewAdapter.hpp	37	result_struct	Q1_result	R5	inventory	PreviewAdapter::Result { ...; std::string error; actions; gizmoEdit; }	Mixes frame outputs (hover/click/actions already collected before a later Compose failure) with an optional UiError flattened to a message. Recommend std::optional<Engine::Ui::UiError> (code kept) rather than Result<Frame,E>, because partial outputs coexist with the error. The only consumer is EditorApp.cpp:1065.
tools/ui_editor/include/gyo/ui_editor/ReadOnlyAssetCatalog.hpp	26	out_param	Q1_result	R5	inventory	bool MountRoot(const path& assetRoot, std::string& error)	The asset root and content.json/catalogs come from CLI/GUI user input and disk. It should return Result<void, FileError or a catalog error> carrying the engine AssetErrorCode in detail. Main.cpp:45 maps the failure to exit code 3.
tools/ui_editor/include/gyo/ui_editor/ReadOnlyAssetCatalog.hpp	30	out_param	Q1_result	R5	inventory	bool Mount(const path& catalogPath, const path& assetRoot, std::string& error)	Takes an external catalog file and user paths. The engine AssetCatalog::LoadFromFile code is currently dropped by DescribeError.
tools/ui_editor/include/gyo/ui_editor/UiDocumentBridge.hpp	23	result_struct	Q3_diagnostics	none	inventory	struct DocumentParseResult { optional<json> document; vector<Diagnostic> diagnostics; }	Carries multiple authoring issues for display, so per the plan it stays diagnostics data.
tools/ui_editor/src/AssetPreviewContext.cpp	22	assert	Q0_assert	R5	inventory	#include <cassert>	Replace it with engine/base/Assert.hpp.
tools/ui_editor/src/AssetPreviewContext.cpp	37	conversion	Q1_result	R5	inventory	template Describe(const Error&) { message [+ detail] }	A duplicate Describe that drops Asset/Text codes (used at cpp:158,172,178,242,288,313). Replace it with Base::Describe.
tools/ui_editor/src/AssetPreviewContext.cpp	51	out_param	Q1_result	R5	inventory	SDL_Texture* Upload(SDL_Renderer&, w, h, pixels, pitch, std::string& error)	A private helper whose SDL_CreateTexture/SDL_UpdateTexture failures (SDL_GetError) are environment errors. Fold it into the Texture/Text Result.
tools/ui_editor/src/AssetPreviewContext.cpp	213	assert	Q0_assert	R5	inventory	BeginFrame: assert(!impl_->frameActive); if (impl_->frameActive) return;	A nested BeginFrame is caller misuse (the host loop pairs it with EndFrame). Use GYO_ASSERT and drop the release-mode silent-return fallback. BeginFrame is not noexcept, so this is safe.
tools/ui_editor/src/DocumentSession.cpp	46	implicit_throw	Q1_result	R5	adversarial		`std::filesystem::absolute(path)` 用的是會丟例外的 overload，出現在 DocumentSession.cpp:46,72,163,220 與 ReadOnlyAssetCatalog.cpp:29,49,65。ui_editor 的 Main.cpp 沒有頂層 catch，失敗機率很低，但屬於規則 5 的漏網之魚
tools/ui_editor/src/DocumentSession.cpp	108	lost_reason	Q0_assert	R5	inventory	CancelEdit: static_cast<void>(Restore(history_.Current()));	A Restore failure is silently discarded, but the snapshot is internal, so this becomes an assert as part of the Restore change.
tools/ui_editor/src/DocumentSession.cpp	113	lost_reason	Q2_optional	R5	inventory	Undo: return state != nullptr && Restore(*state);  (Redo identical at 118)	"Conflates ""nothing to undo"" (plain absence, a legitimate false) with Restore failure (Q0). After R5 the false return means only absence."
tools/ui_editor/src/DocumentSession.cpp	175	catch	Q0_assert	R5	inventory	Restore: try { json::parse(canonical) } catch (const nlohmann::json::exception&) { return false; }	Its input is always an UndoStack snapshot produced internally by SerializeCanonical (canonical dump or json.dump(2)), so a parse failure is a bug. Replace it with GYO_ASSERT on parse success (or parse with allow_exceptions=false and assert) and make Restore return void.
tools/ui_editor/src/DocumentSession.cpp	230	conversion	Q1_result	R5	inventory	"externalError = ""cannot inspect output path '...': "" + existenceError.message()"	OS error string feeding SessionResult IoFailure. It should become SessionError carrying the FileError code name in detail.
tools/ui_editor/src/EditorApp.cpp	562	conversion	Q1_result	R5	inventory	if (!opened) { error = opened.error; diagnostics_ = move(opened.diagnostics); return false; }	The SessionResult's SaveFailure code is dropped when it is copied into the Initialize out-param. It follows from the SessionResult and Initialize redesigns.
tools/ui_editor/src/FileService.cpp	96	conversion	Q1_result	R5	inventory	"ReplaceFile: ""failed to replace '...': "" + error.message()  (Win32 branch line 86: GetLastError number)"	std::error_code / Win32 error becomes a string and the OS code is lost. FileError should carry a FileErrorCode and keep the OS message in detail.
tools/ui_editor/src/FileService.cpp	125	conversion	Q1_result	R5	inventory	"ProbeFileStamp: error = ""cannot inspect '...': "" + fileError.message()  (also 146,152)"	OS std::error_code becomes a string. This is part of the ProbeFileStamp to Result<FileStamp, FileError> change.
tools/ui_editor/src/FileService.cpp	174	conversion	Q1_result	R5	inventory	"WriteTextFileAtomically: ""cannot create output directory '...': "" + error.message()"	OS std::error_code becomes a string, as part of the FileOperationResult to Result<void, FileError> change.
tools/ui_editor/src/ImGuiSdlRendererHost.cpp	145	conversion	Q1_result	R5	inventory	"template LogError(context, error): SDL_LogError(""%s: %s%s%s"", message, detail)"	A third formatting helper that drops the Platform/Render code when logging. Replace it with Base::Describe.
tools/ui_editor/src/ImGuiSdlRendererHost.cpp	177	lost_reason	internal_boundary_ok	none	inventory	EditorClient::Initialize() -> bool, reasons only via SDL_LogError	A file-local class at the process entry. The reason is logged at the failure point, then RunEditorGui returns 1 (line 306-307). It changes only through its callees' R5 signatures (previewAssets_.Initialize, editor_.Initialize).
tools/ui_editor/src/PreviewAdapter.cpp	244	conversion	Q1_result	R5	inventory	result.error = parsed.error().message;  // UiDocumentCodec::Parse	The UiError code is dropped. The document is the user's in-progress JSON, so this is external.
tools/ui_editor/src/PreviewAdapter.cpp	251	conversion	Q1_result	R5	inventory	result.error = initialized.error().message;  // UiRuntime::Initialize	The UiError code is dropped.
tools/ui_editor/src/PreviewAdapter.cpp	269	conversion	Q1_result	R5	inventory	result.error = activated.error().message;  // ActivateCanvas	The UiError code is dropped. The canvas id comes from the editor selection over user JSON.
tools/ui_editor/src/PreviewAdapter.cpp	306	conversion	Q1_result	R5	inventory	result.error = events.error().message;  // UiRuntime::Update	The UiError code is dropped.
tools/ui_editor/src/PreviewAdapter.cpp	334	conversion	Q1_result	R5	inventory	result.error = evaluated.error().message;  // EvaluateLayout	The UiError code is dropped. The actions vector is already filled at this point, which is why optional<UiError> is recommended.
tools/ui_editor/src/PreviewAdapter.cpp	352	conversion	Q1_result	R5	inventory	result.error = composed.error().message;  // Compose	The UiError code is dropped. Hover, click and actions are already populated.
tools/ui_editor/src/ReadOnlyAssetCatalog.cpp	15	conversion	Q1_result	R5	inventory	"template DescribeError(const Error&) { message + "": "" + detail }"	A duplicate Describe helper that drops the AssetErrorCode at the engine-to-tool boundary. Replace it with Base::Describe.
tools/ui_editor/src/UiDocumentBridge.cpp	17	conversion	Q3_diagnostics	R5	inventory	CodecDiagnostic(const UiError&) -> {Error, jsonPointer, error.message}	Converts a UiError into a Diagnostic and drops the UiErrorCode. The diagnostics shape is kept, but the code name should be recorded (e.g. via Base::Describe in the message) to satisfy rule 4.
tools/ui_editor/src/UiDocumentBridge.cpp	103	reclass	Q0_assert	R5	adversarial		reclassified by adversarial check: Json::parse 的輸入是 Engine::Ui::UiDocumentCodec::Serialize 的輸出（:97-102），也就是 nlohmann dump 產生的字串，不是外部資料。parse 失敗代表 bug，與 DocumentSession::Restore（Task B 已判 Q0）同類
tools/ui_editor/src/UiDocumentBridge.cpp	110	lost_reason	internal_boundary_ok	none	inventory	SerializeCanonical: if (parsed) {...} return document.dump(2) + '\n';  // fallback	The fallback for invalid in-progress authoring states is intentional, and SaveTo validates before using this (DocumentSession.cpp:198). The discarded UiError is not a failure of this API.
