PASS	0	src/App/CampaignContentLoader.cpp
PASS	0	src/App/EnemyPresentation.cpp
PASS	0	src/App/EnemyPresentationDefinition.cpp
PASS	0	src/App/ObjectFpsApplication.cpp
PASS	0	src/App/ObjectFpsPresentation.cpp
PASS	0	src/App/ObjectFpsRuntimeClient.cpp
PASS	0	src/App/ObjectFpsUi.cpp
PASS	0	src/Collision/CombatCollision.cpp
PASS	0	src/Collision/GridCollision.cpp
PASS	0	src/Collision/GridWorldCollision.cpp
PASS	0	src/Data/Csv.cpp
PASS	0	src/Data/GameData.cpp
PASS	0	src/Game/CampaignContent.cpp
PASS	0	src/Game/CampaignRunState.cpp
PASS	0	src/Game/GameFlow.cpp
PASS	0	src/Game/GameSession.cpp
PASS	0	src/Gameplay/Combat/ProjectileSystem.cpp
PASS	0	src/Gameplay/Enemy/EnemyRig.cpp
PASS	0	src/Gameplay/Enemy/EnemySpawnDirector.cpp
PASS	0	src/Gameplay/Enemy/EnemySystem.cpp
PASS	0	src/Gameplay/Player/Player.cpp
PASS	0	src/Gameplay/Player/PlayerCombatState.cpp
PASS	0	src/Gameplay/Player/PlayerController.cpp
PASS	0	src/Gameplay/Player/PlayerSettings.cpp
PASS	0	src/Gameplay/Weapon/WeaponController.cpp
PASS	0	src/Rendering/MapGeometryGenerator.cpp
PASS	0	src/World/GridMap.cpp
PASS	0	src/World/GridMapLoader.cpp
PASS	0	src/World/World.cpp
