file	line	api	checks	pinned_by
engine/render/src/RenderQueue.cpp	67	RenderQueue::Submit(const MeshSubmission&) -> Result<void, RenderError>	InvalidArgument for: null mesh handle (71); layer not World/ViewModel/WorldOverlay (74); missing or invalid camera for the layer: non-finite, FOV outside (0,pi), near<=0, far<=near (81); non-finite transform/tint/uv scale/offset (85); empty shader ID (90); invalid SurfaceMode (91); invalid SamplerMode (93)	tests/common/render/RenderQueueTests.cpp:99, :144, :181, :217, :247 (CHECK_FALSE only, no code assertion); Renderer::Render re-validates through it (Renderer.cpp:314-319)
engine/render/src/RenderQueue.cpp	99	RenderQueue::Submit(const SpriteSubmission&) -> Result<void, RenderError>	InvalidArgument for: non-finite destination/sourceUv/pivot/rotation/tint (103); negative destination or UV width/height (108); layer not Scene/Overlay (113); empty shader ID (118); invalid sampler (119)	tests/common/render/RenderQueueTests.cpp:99, :247; tests/common/ui/UiRendererTests.cpp:430 (non-finite destinations surface as errors through ClipSprite)
engine/ui/src/UiRenderer.cpp	68	ClipSprite(SpriteSubmission&, Math::Rect clip) noexcept -> bool (anonymous namespace)	No checks of its own. A non-finite destination is passed through unchanged (returns true) so RenderQueue::Submit reports InvalidArgument, which becomes UiErrorCode::RenderSubmissionFailed at UiRenderer.cpp:340-343. It returns false (sprite culled, Q4/Q2) for a non-finite or empty clip, non-positive size, or empty intersection.	tests/common/ui/UiRendererTests.cpp:231, :318, :366, :405, :430
engine/render/backend/sdl_gpu/src/SdlGpuRenderDevice.cpp	140	SdlGpuRenderDevice (all public methods via Impl): CheckThread	WrongThread when called off the creation thread (142-145). This is a caller-misuse check returned as Result, used by CreateMesh/CreateTexture/UpdateMeshVertices/Release* (687-820)	tests/common/render/sdl_gpu/MeshUpdateSmoke.cpp:200-206 (std::thread worker expects WrongThread)
engine/render/backend/sdl_gpu/src/SdlGpuRenderDevice.cpp	247	SdlGpuRenderDevice::Create / Impl::Initialize	InvalidArgument for a driver option not in auto/d3d12/vulkan/metal (262)	no direct test found
engine/render/backend/sdl_gpu/src/SdlGpuRenderDevice.cpp	446	CreateMesh (public 1126 -> CreateMeshInternal 446 / UploadBuffers 360)	InvalidArgument for: empty vertices or indices (453); element count > 2^32 (459); index outside the vertex array (465); non-finite position/uv (472); buffers > 2^32 bytes (482); total upload > 2^32 (370)	tests/common/render/sdl_gpu/MeshUpdateSmoke.cpp (ExpectError helper), RenderFeatureSmoke.cpp
engine/render/backend/sdl_gpu/src/SdlGpuRenderDevice.cpp	533	CreateTexture(const ImageView&) (public 1127 -> CreateTextureInternal 533); CreateTexture(const TextureDesc&) 841	InvalidArgument for: zero width/height (540); rowPitch < width*4 (549); pixel span too small or > 2^32 (558); invalid texture descriptor (848)	no direct InvalidArgument test found; exercised by RenderFeatureSmoke.cpp
engine/render/backend/sdl_gpu/src/SdlGpuRenderDevice.cpp	705	UpdateMeshVertices(MeshHandle, span<const Vertex3D>)	InvalidArgument for: vertex count differs from the mesh, including an empty update (724); non-finite position/uv (730)	tests/common/render/sdl_gpu/MeshUpdateSmoke.cpp:185, :188, :193, :197
engine/render/backend/sdl_gpu/src/SdlGpuRenderDevice.cpp	869	CreateShader(const ShaderArtifact&) / CreatePipeline(const PipelineDesc&) 910	InvalidArgument for: invalid shader stage or format (874); invalid pipeline descriptor, e.g. reversed shader stages (921)	tests/common/render/sdl_gpu/MeshUpdateSmoke.cpp:289
engine/render/backend/sdl_gpu/src/SdlGpuRenderDevice.cpp	950	AcquireFrame / Validate(PreparedFrame) 978 / SubmitFrame 1028 / ReadTexture 1078	InvalidArgument for: frame already acquired (953); invalid clear value (984); invalid load op (989); color attachment not a render target (993); incompatible depth (1000); pipeline/attachment/vertex mismatch (1007); bindings disagree with artifact metadata (1017); invalid sampled texture (1022); invalid or consumed frame token (1032); readback during an acquired frame (1082); readback exceeds transfer limits (1090)	tests/common/render/sdl_gpu/MeshUpdateSmoke.cpp:282, :283, :300, :301, :305
engine/render/src/Renderer.cpp	307	Renderer::Initialize (284) / Renderer::Render (307)	InvalidArgument via Error() (127): device and bundle share no shader format (288); not initialized (310); non-finite clear color or invalid scene color transform (312); shader interface incompatible with the draw (175); invalid scene readback format or size (260); re-validates every queued submission through RenderQueue (314-319)	tests/common/render/RendererTests.cpp:195, :208; tests/common/render/sdl_gpu/MeshUpdateSmoke.cpp:234
engine/render/src/PrimitiveMesh.cpp	123	MakeUvSphere (123), MakeWireBox (191), MakeWireCapsule (224)	InvalidArgument for: segments outside [3,512] (132); vertex count > 2^32 (141); wire box needs finite ordered bounds and positive thickness (198); wire box overflow to non-finite geometry (218); wire capsule needs finite endpoints, positive radius/thickness and 8..128 segments (234); capsule overflow (265)	tests/common/render/PrimitiveMeshTests.cpp:30, :62 (CHECK_FALSE)
engine/text/backend/sdl_ttf/src/SdlTtfTextRasterizer.cpp	75	SdlTtfTextRasterizer::Rasterize(span<const byte>, const TextRasterRequest&)	TextErrorCode::InvalidArgument for: empty font bytes (82); empty UTF-8 text (87); non-finite or non-positive point size (92)	none found in tests/common or tests/ui_editor
engine/render/src/ShaderLibrary.cpp	87	ShaderLibrary::AppendBundle (87) / FindProgram (141)	Every bundle content error becomes InvalidArgument via Invalid() (15): schema/ABI (98), no programs (100), the internal throws at 21-121 caught at 136 (paths, formats, metadata, layout, hash, IDs). FindProgram: unknown shader ID (145), format unavailable (148). Asset resolver and source errors are also flattened to InvalidArgument (lines 50/52, R4).	tests/common/render/ShaderLibraryTests.cpp:76, :97 (CHECK_FALSE plus no-mutation checks, no code assertion)
engine/render/model/src/ModelRenderer.cpp	34	ModelResource::Create (34) / ModelInstance::Create (89) / ModelInstance::Submit (~120)	String E (R4 gives it codes): null model (38), material count mismatch (42), non-finite material tint (48), null resource (93), non-finite modelSpaceOffset (94), non-finite instance tint (122), plus forwarded device/RenderQueue errors	tests/common/model/ModelRendererTests.cpp:115, :145
engine/model/src/Animation.cpp	139	SamplePose / MakeDefaultPose / BlendPoses / AnimationInstance::Play / Advance / SkinMesh	String E (R4 to ModelError): invalid clip or non-finite time (139), negative duration (142), bad playback mode (144), track node out of range (152), blend weight/poses invalid (165,170), Play args (198), Advance delta and active clip (216), time overflow (219), skinning inputs (247-272)	tests/common/model/ModelRendererTests.cpp:145 (malformed poses); other tests/common/model/* (not enumerated individually)
